{
	"format_version": "1.12.0",
	"minecraft:geometry": [
		{
			"description": {
				"identifier": "geometry.deer",
				"texture_width": 128,
				"texture_height": 128,
				"visible_bounds_width": 3,
				"visible_bounds_height": 4.5,
				"visible_bounds_offset": [0, 1.75, 0]
			},
			"bones": [
				{
					"name": "main",
					"pivot": [0, 0, 0]
				},
				{
					"name": "body",
					"parent": "main",
					"pivot": [0, 16, 0],
					"cubes": [
						{"origin": [-5, 11, -9], "size": [10, 10, 18], "uv": [0, 0]}
					]
				},
				{
					"name": "head_rot",
					"parent": "body",
					"pivot": [0, 17, -7]
				},
				{
					"name": "head",
					"parent": "head_rot",
					"pivot": [0, 17, -7],
					"cubes": [
						{"origin": [-2, 25, -16], "size": [4, 3, 4], "uv": [44, 5]},
						{"origin": [-3, 15, -12], "size": [6, 15, 6], "uv": [41, 29]}
					]
				},
				{
					"name": "left_ear",
					"parent": "head",
					"pivot": [3, 28, -8.5],
					"cubes": [
						{"origin": [3, 27, -9], "size": [3, 2, 1], "uv": [1, 6]}
					]
				},
				{
					"name": "right_ear",
					"parent": "head",
					"pivot": [-3, 28, -8.5],
					"cubes": [
						{"origin": [-6, 27, -9], "size": [3, 2, 1], "uv": [1, 6], "mirror": true}
					]
				},
				{
					"name": "antlers",
					"parent": "head",
					"pivot": [2, 31, -8]
				},
				{
					"name": "left_antler",
					"parent": "antlers",
					"pivot": [2, 31, -8],
					"cubes": [
						{"origin": [1, 30, -10], "size": [2, 2, 2], "uv": [0, 0]},
						{"origin": [1, 32.01, -12], "size": [10, 8, 10], "uv": [0, 29]}
					]
				},
				{
					"name": "right_antler",
					"parent": "antlers",
					"pivot": [-2, 31, -8],
					"cubes": [
						{"origin": [-3, 30, -10], "size": [2, 2, 2], "uv": [0, 0], "mirror": true},
						{"origin": [-11, 32.01, -12], "size": [10, 8, 10], "uv": [0, 29], "mirror": true}
					]
				},
				{
					"name": "legs",
					"parent": "main",
					"pivot": [0, 17, -6]
				},
				{
					"name": "front_legs",
					"parent": "legs",
					"pivot": [0, 17, -6]
				},
				{
					"name": "left_arm",
					"parent": "front_legs",
					"pivot": [2.75, 14, -5],
					"cubes": [
						{"origin": [1.75, 0, -7], "size": [3, 14, 4], "uv": [1, 48]}
					]
				},
				{
					"name": "right_arm",
					"parent": "front_legs",
					"pivot": [-2.75, 14, -5],
					"cubes": [
						{"origin": [-4.75, 0, -7], "size": [3, 14, 4], "uv": [1, 48]}
					]
				},
				{
					"name": "back_legs",
					"parent": "legs",
					"pivot": [0, 17, -6]
				},
				{
					"name": "left_leg",
					"parent": "back_legs",
					"pivot": [2.75, 14, 6],
					"cubes": [
						{"origin": [1.75, 0, 7], "size": [3, 14, 4], "uv": [18, 48]}
					]
				},
				{
					"name": "right_leg",
					"parent": "back_legs",
					"pivot": [-2.75, 14, 6],
					"cubes": [
						{"origin": [-4.75, 0, 7], "size": [3, 14, 4], "uv": [18, 48]}
					]
				}
			]
		}
	]
}