{
	"format_version": "1.8.0",
	"animations": {
		"walk.clamp": {
			"loop": true,
			"animation_length": 1,
			"bones": {
				"tail": {
					"rotation": {
						"vector": ["-9.5 + Math.cos((query.anim_time - 0.0) * 360) * 2", 0, 0]
					}
				},
				"mane": {
					"rotation": {
						"vector": ["Math.cos((query.anim_time - 0.0) * 360) * 1", 0, 0]
					},
					"position": {
						"vector": [0, "Math.sin((query.anim_time - 0.0) * 360) * 0.2", 0]
					}
				},
				"body": {
					"rotation": {
						"vector": [0, "Math.sin((query.anim_time - 0.0) * 360) * 1", "Math.cos((query.anim_time - 0.0) * 360) * 2"]
					},
					"position": {
						"vector": [0, "Math.clamp(Math.sin(-60 + query.anim_time * 720) * 0.1, 0, 0.1)", 0]
					},
					"scale": {
						"vector": [1, 1, 1]
					}
				},
				"head": {
					"rotation": {
						"vector": [0, 0, 0]
					}
				},
				"left_arm": {
					"rotation": {
						"vector": ["Math.cos((query.anim_time - 0.2) * 360) * 30", 0, 0]
					},
					"position": {
						"vector": [-0.2, "-0.1 + Math.clamp(Math.sin(-60 + query.anim_time * 360) * 3, 0, 3)", 0]
					}
				},
				"right_arm": {
					"rotation": {
						"vector": ["Math.cos((query.anim_time - 0.2) * 360) * -30", 0, 0]
					},
					"position": {
						"vector": [0.2, "-0.1 + Math.clamp(-Math.sin(-60 + query.anim_time * 360) * 3, 0, 3)", 0]
					}
				},
				"left_leg": {
					"rotation": {
						"vector": ["Math.sin((query.anim_time - 0.1) * 360) * 30", 0, 0]
					},
					"position": {
						"vector": [-0.2, "-0.1 + Math.clamp(Math.sin((query.anim_time - 0.4) * 360) * 3, 0, 3)", 0]
					}
				},
				"right_leg": {
					"rotation": {
						"vector": ["Math.sin((query.anim_time - 0.1) * 360) * -30", 0, 0]
					},
					"position": {
						"vector": [0.2, "-0.1 + Math.clamp(-Math.sin((query.anim_time - 0.3) * 360) * 3, 0, 3)", 0]
					}
				},
				"head_rot": {
					"rotation": {
						"vector": [0, "Math.sin((query.anim_time - 0.0) * 360) * -1", "Math.cos((query.anim_time - 0.0) * 360) * -2"]
					}
				}
			}
		},
		"idle": {
			"loop": true,
			"animation_length": 1
		},
		"walk": {
			"loop": true,
			"animation_length": 1,
			"bones": {
				"tail": {
					"rotation": {
						"vector": ["-9.5 + Math.cos((query.anim_time - 0.0) * 360) * 2", 0, 0]
					}
				},
				"mane": {
					"rotation": {
						"vector": ["Math.cos((query.anim_time - 0.0) * 360) * 1", 0, 0]
					},
					"position": {
						"vector": [0, "Math.sin((query.anim_time - 0.0) * 360) * 0.2", 0]
					}
				},
				"body": {
					"rotation": {
						"vector": [0, "Math.sin((query.anim_time - 0.0) * 360) * 1", "Math.cos((query.anim_time - 0.0) * 360) * 2"]
					},
					"position": {
						"0.0": {
							"vector": [0, 0, 0]
						},
						"0.0417": {
							"vector": [0, 0, 0]
						},
						"0.0833": {
							"vector": [0, 0, 0]
						},
						"0.125": {
							"vector": [0, 0.05, 0]
						},
						"0.1667": {
							"vector": [0, 0.09, 0]
						},
						"0.2083": {
							"vector": [0, 0.1, 0]
						},
						"0.25": {
							"vector": [0, 0.09, 0]
						},
						"0.2917": {
							"vector": [0, 0.05, 0]
						},
						"0.3333": {
							"vector": [0, 0, 0]
						},
						"0.375": {
							"vector": [0, 0, 0]
						},
						"0.4167": {
							"vector": [0, 0, 0]
						},
						"0.4583": {
							"vector": [0, 0, 0]
						},
						"0.5": {
							"vector": [0, 0, 0]
						},
						"0.5417": {
							"vector": [0, 0, 0]
						},
						"0.5833": {
							"vector": [0, 0, 0]
						},
						"0.625": {
							"vector": [0, 0.05, 0]
						},
						"0.6667": {
							"vector": [0, 0.09, 0]
						},
						"0.7083": {
							"vector": [0, 0.1, 0]
						},
						"0.75": {
							"vector": [0, 0.09, 0]
						},
						"0.7917": {
							"vector": [0, 0.05, 0]
						},
						"0.8333": {
							"vector": [0, 0, 0]
						},
						"0.875": {
							"vector": [0, 0, 0]
						},
						"0.9167": {
							"vector": [0, 0, 0]
						},
						"0.9583": {
							"vector": [0, 0, 0]
						},
						"1.0": {
							"vector": [0, 0, 0]
						}
					},
					"scale": {
						"vector": [1, 1, 1]
					}
				},
				"head": {
					"rotation": {
						"vector": [0, 0, 0]
					}
				},
				"left_arm": {
					"rotation": {
						"vector": ["Math.cos((query.anim_time - 0.2) * 360) * 30", 0, 0]
					},
					"position": {
						"0.0": {
							"vector": [-0.2, -0.1, 0]
						},
						"0.0417": {
							"vector": [-0.2, -0.1, 0]
						},
						"0.0833": {
							"vector": [-0.2, -0.1, 0]
						},
						"0.125": {
							"vector": [-0.2, -0.1, 0]
						},
						"0.1667": {
							"vector": [-0.2, -0.1, 0]
						},
						"0.2083": {
							"vector": [-0.2, 0.68, 0]
						},
						"0.25": {
							"vector": [-0.2, 1.4, 0]
						},
						"0.2917": {
							"vector": [-0.2, 2.02, 0]
						},
						"0.3333": {
							"vector": [-0.2, 2.5, 0]
						},
						"0.375": {
							"vector": [-0.2, 2.8, 0]
						},
						"0.4167": {
							"vector": [-0.2, 2.9, 0]
						},
						"0.4583": {
							"vector": [-0.2, 2.8, 0]
						},
						"0.5": {
							"vector": [-0.2, 2.5, 0]
						},
						"0.5417": {
							"vector": [-0.2, 2.02, 0]
						},
						"0.5833": {
							"vector": [-0.2, 1.4, 0]
						},
						"0.625": {
							"vector": [-0.2, 0.68, 0]
						},
						"0.6667": {
							"vector": [-0.2, -0.1, 0]
						},
						"0.7083": {
							"vector": [-0.2, -0.1, 0]
						},
						"0.75": {
							"vector": [-0.2, -0.1, 0]
						},
						"0.7917": {
							"vector": [-0.2, -0.1, 0]
						},
						"0.8333": {
							"vector": [-0.2, -0.1, 0]
						},
						"0.875": {
							"vector": [-0.2, -0.1, 0]
						},
						"0.9167": {
							"vector": [-0.2, -0.1, 0]
						},
						"0.9583": {
							"vector": [-0.2, -0.1, 0]
						},
						"1.0": {
							"vector": [-0.2, -0.1, 0]
						}
					}
				},
				"right_arm": {
					"rotation": {
						"vector": ["Math.cos((query.anim_time - 0.2) * 360) * -30", 0, 0]
					},
					"position": {
						"0.0": {
							"vector": [0.2, 2.5, 0]
						},
						"0.0417": {
							"vector": [0.2, 2.02, 0]
						},
						"0.0833": {
							"vector": [0.2, 1.4, 0]
						},
						"0.125": {
							"vector": [0.2, 0.68, 0]
						},
						"0.1667": {
							"vector": [0.2, -0.1, 0]
						},
						"0.2083": {
							"vector": [0.2, -0.1, 0]
						},
						"0.25": {
							"vector": [0.2, -0.1, 0]
						},
						"0.2917": {
							"vector": [0.2, -0.1, 0]
						},
						"0.3333": {
							"vector": [0.2, -0.1, 0]
						},
						"0.375": {
							"vector": [0.2, -0.1, 0]
						},
						"0.4167": {
							"vector": [0.2, -0.1, 0]
						},
						"0.4583": {
							"vector": [0.2, -0.1, 0]
						},
						"0.5": {
							"vector": [0.2, -0.1, 0]
						},
						"0.5417": {
							"vector": [0.2, -0.1, 0]
						},
						"0.5833": {
							"vector": [0.2, -0.1, 0]
						},
						"0.625": {
							"vector": [0.2, -0.1, 0]
						},
						"0.6667": {
							"vector": [0.2, -0.1, 0]
						},
						"0.7083": {
							"vector": [0.2, 0.68, 0]
						},
						"0.75": {
							"vector": [0.2, 1.4, 0]
						},
						"0.7917": {
							"vector": [0.2, 2.02, 0]
						},
						"0.8333": {
							"vector": [0.2, 2.5, 0]
						},
						"0.875": {
							"vector": [0.2, 2.8, 0]
						},
						"0.9167": {
							"vector": [0.2, 2.9, 0]
						},
						"0.9583": {
							"vector": [0.2, 2.8, 0]
						},
						"1.0": {
							"vector": [0.2, 2.5, 0]
						}
					}
				},
				"left_leg": {
					"rotation": {
						"vector": ["Math.sin((query.anim_time - 0.1) * 360) * 30", 0, 0]
					},
					"position": {
						"0.0": {
							"vector": [-0.2, -0.1, 0]
						},
						"0.0417": {
							"vector": [-0.2, -0.1, 0]
						},
						"0.0833": {
							"vector": [-0.2, -0.1, 0]
						},
						"0.125": {
							"vector": [-0.2, -0.1, 0]
						},
						"0.1667": {
							"vector": [-0.2, -0.1, 0]
						},
						"0.2083": {
							"vector": [-0.2, -0.1, 0]
						},
						"0.25": {
							"vector": [-0.2, -0.1, 0]
						},
						"0.2917": {
							"vector": [-0.2, -0.1, 0]
						},
						"0.3333": {
							"vector": [-0.2, -0.1, 0]
						},
						"0.375": {
							"vector": [-0.2, -0.1, 0]
						},
						"0.4167": {
							"vector": [-0.2, 0.21, 0]
						},
						"0.4583": {
							"vector": [-0.2, 0.98, 0]
						},
						"0.5": {
							"vector": [-0.2, 1.66, 0]
						},
						"0.5417": {
							"vector": [-0.2, 2.23, 0]
						},
						"0.5833": {
							"vector": [-0.2, 2.64, 0]
						},
						"0.625": {
							"vector": [-0.2, 2.86, 0]
						},
						"0.6667": {
							"vector": [-0.2, 2.88, 0]
						},
						"0.7083": {
							"vector": [-0.2, 2.7, 0]
						},
						"0.75": {
							"vector": [-0.2, 2.33, 0]
						},
						"0.7917": {
							"vector": [-0.2, 1.79, 0]
						},
						"0.8333": {
							"vector": [-0.2, 1.12, 0]
						},
						"0.875": {
							"vector": [-0.2, 0.37, 0]
						},
						"0.9167": {
							"vector": [-0.2, -0.1, 0]
						},
						"0.9583": {
							"vector": [-0.2, -0.1, 0]
						},
						"1.0": {
							"vector": [-0.2, -0.1, 0]
						}
					}
				},
				"right_leg": {
					"rotation": {
						"vector": ["Math.sin((query.anim_time - 0.1) * 360) * -30", 0, 0]
					},
					"position": {
						"0.0": {
							"vector": [0.2, 2.75, 0]
						},
						"0.0417": {
							"vector": [0.2, 2.9, 0]
						},
						"0.0833": {
							"vector": [0.2, 2.83, 0]
						},
						"0.125": {
							"vector": [0.2, 2.57, 0]
						},
						"0.1667": {
							"vector": [0.2, 2.13, 0]
						},
						"0.2083": {
							"vector": [0.2, 1.53, 0]
						},
						"0.25": {
							"vector": [0.2, 0.83, 0]
						},
						"0.2917": {
							"vector": [0.2, 0.06, 0]
						},
						"0.3333": {
							"vector": [0.2, -0.1, 0]
						},
						"0.375": {
							"vector": [0.2, -0.1, 0]
						},
						"0.4167": {
							"vector": [0.2, -0.1, 0]
						},
						"0.4583": {
							"vector": [0.2, -0.1, 0]
						},
						"0.5": {
							"vector": [0.2, -0.1, 0]
						},
						"0.5417": {
							"vector": [0.2, -0.1, 0]
						},
						"0.5833": {
							"vector": [0.2, -0.1, 0]
						},
						"0.625": {
							"vector": [0.2, -0.1, 0]
						},
						"0.6667": {
							"vector": [0.2, -0.1, 0]
						},
						"0.7083": {
							"vector": [0.2, -0.1, 0]
						},
						"0.75": {
							"vector": [0.2, -0.1, 0]
						},
						"0.7917": {
							"vector": [0.2, -0.1, 0]
						},
						"0.8333": {
							"vector": [0.2, 0.52, 0]
						},
						"0.875": {
							"vector": [0.2, 1.26, 0]
						},
						"0.9167": {
							"vector": [0.2, 1.91, 0]
						},
						"0.9583": {
							"vector": [0.2, 2.42, 0]
						},
						"1.0": {
							"vector": [0.2, 2.75, 0]
						}
					}
				},
				"head_rot": {
					"rotation": {
						"vector": [0, "Math.sin((query.anim_time - 0.0) * 360) * -1", "Math.cos((query.anim_time - 0.0) * 360) * -2"]
					}
				}
			}
		},
		"run": {
			"loop": true,
			"animation_length": 1,
			"bones": {
				"mane": {
					"position": {
						"vector": [0, "Math.sin((query.anim_time - 0.2) * 720) * -0.5", 0]
					}
				},
				"tail": {
					"rotation": {
						"vector": ["Math.cos((query.anim_time - 0.0) * 360) * 30", 0, 0]
					}
				},
				"body": {
					"rotation": {
						"vector": ["Math.sin((query.anim_time - 0.0) * 360) * -8", 0, 0]
					}
				},
				"head": {
					"rotation": {
						"vector": ["Math.sin((query.anim_time - 0.6) * 360) * -6", 0, "Math.cos((query.anim_time - 0.0) * 360) * -1"]
					}
				},
				"left_arm": {
					"rotation": {
						"vector": ["Math.cos((query.anim_time - 0.3) * 360) * 45", 0, 0]
					},
					"position": {
						"0.0": {
							"vector": [0, -0.1, -1]
						},
						"0.0417": {
							"vector": [0, -0.1, -1]
						},
						"0.0833": {
							"vector": [0, -0.1, -1]
						},
						"0.125": {
							"vector": [0, -0.1, -1]
						},
						"0.1667": {
							"vector": [0, -0.1, -1]
						},
						"0.2083": {
							"vector": [0, -0.1, -1]
						},
						"0.25": {
							"vector": [0, -0.1, -1]
						},
						"0.2917": {
							"vector": [0, 1.45, -1]
						},
						"0.3333": {
							"vector": [0, 2.9, -1]
						},
						"0.375": {
							"vector": [0, 4.14, -1]
						},
						"0.4167": {
							"vector": [0, 5.1, -1]
						},
						"0.4583": {
							"vector": [0, 5.7, -1]
						},
						"0.5": {
							"vector": [0, 5.9, -1]
						},
						"0.5417": {
							"vector": [0, 5.7, -1]
						},
						"0.5833": {
							"vector": [0, 5.1, -1]
						},
						"0.625": {
							"vector": [0, 4.14, -1]
						},
						"0.6667": {
							"vector": [0, 2.9, -1]
						},
						"0.7083": {
							"vector": [0, 1.45, -1]
						},
						"0.75": {
							"vector": [0, -0.1, -1]
						},
						"0.7917": {
							"vector": [0, -0.1, -1]
						},
						"0.8333": {
							"vector": [0, -0.1, -1]
						},
						"0.875": {
							"vector": [0, -0.1, -1]
						},
						"0.9167": {
							"vector": [0, -0.1, -1]
						},
						"0.9583": {
							"vector": [0, -0.1, -1]
						},
						"1.0": {
							"vector": [0, -0.1, -1]
						}
					}
				},
				"right_arm": {
					"rotation": {
						"vector": ["Math.cos((query.anim_time - 0.1 ) * 360) * 45", 0, 0]
					},
					"position": {
						"0.0": {
							"vector": [0, -0.1, -1]
						},
						"0.0417": {
							"vector": [0, -0.1, -1]
						},
						"0.0833": {
							"vector": [0, 0.94, -1]
						},
						"0.125": {
							"vector": [0, 2.44, -1]
						},
						"0.1667": {
							"vector": [0, 3.76, -1]
						},
						"0.2083": {
							"vector": [0, 4.81, -1]
						},
						"0.25": {
							"vector": [0, 5.54, -1]
						},
						"0.2917": {
							"vector": [0, 5.88, -1]
						},
						"0.3333": {
							"vector": [0, 5.81, -1]
						},
						"0.375": {
							"vector": [0, 5.34, -1]
						},
						"0.4167": {
							"vector": [0, 4.5, -1]
						},
						"0.4583": {
							"vector": [0, 3.34, -1]
						},
						"0.5": {
							"vector": [0, 1.95, -1]
						},
						"0.5417": {
							"vector": [0, 0.42, -1]
						},
						"0.5833": {
							"vector": [0, -0.1, -1]
						},
						"0.625": {
							"vector": [0, -0.1, -1]
						},
						"0.6667": {
							"vector": [0, -0.1, -1]
						},
						"0.7083": {
							"vector": [0, -0.1, -1]
						},
						"0.75": {
							"vector": [0, -0.1, -1]
						},
						"0.7917": {
							"vector": [0, -0.1, -1]
						},
						"0.8333": {
							"vector": [0, -0.1, -1]
						},
						"0.875": {
							"vector": [0, -0.1, -1]
						},
						"0.9167": {
							"vector": [0, -0.1, -1]
						},
						"0.9583": {
							"vector": [0, -0.1, -1]
						},
						"1.0": {
							"vector": [0, -0.1, -1]
						}
					}
				},
				"left_leg": {
					"rotation": {
						"vector": ["Math.sin((query.anim_time - 0.2) * 360) * 45", 0, 0]
					},
					"position": {
						"0.0": {
							"vector": [0, -0.1, 0]
						},
						"0.0417": {
							"vector": [0, -0.1, 0]
						},
						"0.0833": {
							"vector": [0, -0.1, 0]
						},
						"0.125": {
							"vector": [0, -0.1, 0]
						},
						"0.1667": {
							"vector": [0, -0.1, 0]
						},
						"0.2083": {
							"vector": [0, -0.1, 0]
						},
						"0.25": {
							"vector": [0, -0.1, 0]
						},
						"0.2917": {
							"vector": [0, -0.1, 0]
						},
						"0.3333": {
							"vector": [0, -0.1, 0]
						},
						"0.375": {
							"vector": [0, -0.1, 0]
						},
						"0.4167": {
							"vector": [0, -0.1, 0]
						},
						"0.4583": {
							"vector": [0, 0.16, 0]
						},
						"0.5": {
							"vector": [0, 1.45, 0]
						},
						"0.5417": {
							"vector": [0, 2.62, 0]
						},
						"0.5833": {
							"vector": [0, 3.62, 0]
						},
						"0.625": {
							"vector": [0, 4.36, 0]
						},
						"0.6667": {
							"vector": [0, 4.79, 0]
						},
						"0.7083": {
							"vector": [0, 4.89, 0]
						},
						"0.75": {
							"vector": [0, 4.66, 0]
						},
						"0.7917": {
							"vector": [0, 4.09, 0]
						},
						"0.8333": {
							"vector": [0, 3.25, 0]
						},
						"0.875": {
							"vector": [0, 2.17, 0]
						},
						"0.9167": {
							"vector": [0, 0.94, 0]
						},
						"0.9583": {
							"vector": [0, -0.1, 0]
						},
						"1.0": {
							"vector": [0, -0.1, 0]
						}
					}
				},
				"right_leg": {
					"rotation": {
						"vector": ["Math.sin((query.anim_time - 0.3) * 360) * 45", 0, 0]
					},
					"position": {
						"0.0": {
							"vector": [0, 2.84, 0]
						},
						"0.0417": {
							"vector": [0, 1.69, 0]
						},
						"0.0833": {
							"vector": [0, 0.42, 0]
						},
						"0.125": {
							"vector": [0, -0.1, 0]
						},
						"0.1667": {
							"vector": [0, -0.1, 0]
						},
						"0.2083": {
							"vector": [0, -0.1, 0]
						},
						"0.25": {
							"vector": [0, -0.1, 0]
						},
						"0.2917": {
							"vector": [0, -0.1, 0]
						},
						"0.3333": {
							"vector": [0, -0.1, 0]
						},
						"0.375": {
							"vector": [0, -0.1, 0]
						},
						"0.4167": {
							"vector": [0, -0.1, 0]
						},
						"0.4583": {
							"vector": [0, -0.1, 0]
						},
						"0.5": {
							"vector": [0, -0.1, 0]
						},
						"0.5417": {
							"vector": [0, -0.1, 0]
						},
						"0.5833": {
							"vector": [0, -0.1, 0]
						},
						"0.625": {
							"vector": [0, 0.68, 0]
						},
						"0.6667": {
							"vector": [0, 1.93, 0]
						},
						"0.7083": {
							"vector": [0, 3.05, 0]
						},
						"0.75": {
							"vector": [0, 3.95, 0]
						},
						"0.7917": {
							"vector": [0, 4.57, 0]
						},
						"0.8333": {
							"vector": [0, 4.87, 0]
						},
						"0.875": {
							"vector": [0, 4.84, 0]
						},
						"0.9167": {
							"vector": [0, 4.47, 0]
						},
						"0.9583": {
							"vector": [0, 3.79, 0]
						},
						"1.0": {
							"vector": [0, 2.84, 0]
						}
					}
				}
			}
		},
		"sleep": {
			"loop": true,
			"animation_length": 2,
			"bones": {
				"left_arm": {
					"rotation": [-87.67922, 12.51096, -0.55409],
					"position": [3.25, 0, -5]
				},
				"right_arm": {
					"rotation": [-87.5, -20, 0],
					"position": [-5.25, 0, -3]
				},
				"left_leg": {
					"rotation": [-90, -12.5, 0],
					"position": [3.75, 0, 2]
				},
				"right_leg": {
					"rotation": [-90, 12.5, 0],
					"position": [-3.75, 0, 2]
				},
				"root": {
					"position": [0, -7, 0]
				},
				"body": {
					"position": [0, -1, 0]
				},
				"head_rot": {
					"rotation": [12.5, 10, 27.5],
					"position": [0, -1, 0]
				}
			}
		},
		"sniff": {
			"loop": true,
			"animation_length": 0.5,
			"override_previous_animation": true,
			"bones": {
				"head": {
					"rotation": {
						"vector": ["Math.cos((query.anim_time - 1) * 1440) * 2", 0, 0]
					}
				},
				"snout": {
					"rotation": {
						"vector": ["Math.cos((query.anim_time - 1) * 1440) * 10", 0, 0]
					},
					"position": {
						"vector": [0, "Math.cos((query.anim_time - 1) * 1440) * -.3", 0]
					}
				},
				"nose": {
					"scale": {
						"vector": [1, "1 + Math.clamp(Math.sin(-60 + query.anim_time * 1440) * 1, 0, 1)", 1]
					}
				}
			}
		},
		"sit": {
			"loop": true,
			"bones": {
				"body": {
					"rotation": [-30, 0, 0],
					"position": [0, -3, 0]
				},
				"head": {
					"rotation": [35, 0, 0],
					"position": [0, -1, 1]
				},
				"left_arm": {
					"rotation": [-22.5, 0, 0]
				},
				"right_arm": {
					"rotation": [-22.5, 0, 0]
				},
				"left_leg": {
					"rotation": [-90, 0, 0],
					"position": [0, -7, -2]
				},
				"right_leg": {
					"rotation": [-90, 0, 0],
					"position": [0, -7, -2]
				}
			}
		},
		"eat": {
			"loop": true,
			"animation_length": 2,
			"bones": {
				"right_arm": {
					"rotation": ["-107.8348 + Math.cos((query.anim_time - 0.2) * 1440) * 10", -15, 0],
					"position": [0, 1, -7]
				},
				"head": {
					"rotation": ["46.3366 + Math.cos((query.anim_time - 0.2) * 1440) * -5", 14.25129, 10.2063],
					"position": [1, 0, 1]
				},
				"right_leg": {
					"rotation": [-90, 0, 0],
					"position": [0, -7, -2]
				},
				"left_leg": {
					"rotation": [-90, 0, 0],
					"position": [0, -7, -2]
				},
				"left_arm": {
					"rotation": [-22.5, 0, 0]
				},
				"body": {
					"rotation": [-30, 0, 0],
					"position": [0, -3, 0]
				}
			}
		},
		"attack": {
			"animation_length": 0.25,
			"bones": {
				"right_arm": {
					"rotation": {
						"vector": ["-50 + Math.cos((query.anim_time - 0.5) * 1440) * 50 ", 0, "10 + Math.cos((query.anim_time - 0.2) * 1440) * -10"]
					}
				}
			}
		},
		"walk.new": {
			"loop": true
		}
	},
	"geckolib_format_version": 2
}